<?xml version="1.0" encoding="UTF-8"?><InteractionHistory Id="activity" Version="1"><InteractionEvent Delta="started" EndDate="2014-05-21 14:05:08.301 EDT" Interest="1.0" Kind="attention" Navigation="" OriginId="org.eclipse.ui.workbench" StartDate="2014-05-21 14:05:08.301 EDT" StructureHandle="org.eclipse.platform.ide" StructureKind="lifecycle"/><InteractionEvent Delta="stopped" EndDate="2014-05-21 19:41:40.379 EDT" Interest="1.0" Kind="attention" Navigation="" OriginId="org.eclipse.ui.workbench" StartDate="2014-05-21 19:41:40.379 EDT" StructureHandle="org.eclipse.platform.ide" StructureKind="lifecycle"/><InteractionEvent Delta="started" EndDate="2014-05-24 06:42:11.325 EDT" Interest="1.0" Kind="attention" Navigation="" OriginId="org.eclipse.ui.workbench" StartDate="2014-05-24 06:42:11.325 EDT" StructureHandle="org.eclipse.platform.ide" StructureKind="lifecycle"/><InteractionEvent Delta="started" EndDate="2014-05-26 14:28:06.446 EDT" Interest="1.0" Kind="attention" Navigation="" OriginId="org.eclipse.ui.workbench" StartDate="2014-05-26 14:28:06.446 EDT" StructureHandle="org.eclipse.platform.ide" StructureKind="lifecycle"/><InteractionEvent Delta="stopped" EndDate="2014-05-26 17:46:44.814 EDT" Interest="1.0" Kind="attention" Navigation="" OriginId="org.eclipse.ui.workbench" StartDate="2014-05-26 17:46:44.814 EDT" StructureHandle="org.eclipse.platform.ide" StructureKind="lifecycle"/><InteractionEvent Delta="started" EndDate="2014-05-26 19:33:29.661 EDT" Interest="1.0" Kind="attention" Navigation="" OriginId="org.eclipse.ui.workbench" StartDate="2014-05-26 19:33:29.661 EDT" StructureHandle="org.eclipse.platform.ide" StructureKind="lifecycle"/><InteractionEvent Delta="stopped" EndDate="2014-05-26 19:40:02.987 EDT" Interest="1.0" Kind="attention" Navigation="" OriginId="org.eclipse.ui.workbench" StartDate="2014-05-26 19:40:02.987 EDT" StructureHandle="org.eclipse.platform.ide" StructureKind="lifecycle"/><InteractionEvent Delta="started" EndDate="2014-05-30 23:05:53.700 EDT" Interest="1.0" Kind="attention" Navigation="" OriginId="org.eclipse.ui.workbench" StartDate="2014-05-30 23:05:53.700 EDT" StructureHandle="org.eclipse.platform.ide" StructureKind="lifecycle"/><InteractionEvent Delta="stopped" EndDate="2014-05-31 01:17:10.215 EDT" Interest="1.0" Kind="attention" Navigation="" OriginId="org.eclipse.ui.workbench" StartDate="2014-05-31 01:17:10.215 EDT" StructureHandle="org.eclipse.platform.ide" StructureKind="lifecycle"/><InteractionEvent Delta="started" EndDate="2014-06-01 12:44:42.724 EDT" Interest="1.0" Kind="attention" Navigation="" OriginId="org.eclipse.ui.workbench" StartDate="2014-06-01 12:44:42.724 EDT" StructureHandle="org.eclipse.platform.ide" StructureKind="lifecycle"/><InteractionEvent Delta="stopped" EndDate="2014-06-01 18:00:53.253 EDT" Interest="1.0" Kind="attention" Navigation="" OriginId="org.eclipse.ui.workbench" StartDate="2014-06-01 18:00:53.253 EDT" StructureHandle="org.eclipse.platform.ide" StructureKind="lifecycle"/><InteractionEvent Delta="started" EndDate="2014-06-04 19:42:49.236 EDT" Interest="1.0" Kind="attention" Navigation="" OriginId="org.eclipse.ui.workbench" StartDate="2014-06-04 19:42:49.236 EDT" StructureHandle="org.eclipse.platform.ide" StructureKind="lifecycle"/><InteractionEvent Delta="stopped" EndDate="2014-06-05 09:17:48.746 EDT" Interest="1.0" Kind="attention" Navigation="" OriginId="org.eclipse.ui.workbench" StartDate="2014-06-05 09:17:48.746 EDT" StructureHandle="org.eclipse.platform.ide" StructureKind="lifecycle"/><InteractionEvent Delta="started" EndDate="2014-06-06 14:19:03.613 EDT" Interest="1.0" Kind="attention" Navigation="" OriginId="org.eclipse.ui.workbench" StartDate="2014-06-06 14:19:03.613 EDT" StructureHandle="org.eclipse.platform.ide" StructureKind="lifecycle"/><InteractionEvent Delta="stopped" EndDate="2014-06-06 21:41:55.909 EDT" Interest="1.0" Kind="attention" Navigation="" OriginId="org.eclipse.ui.workbench" StartDate="2014-06-06 21:41:55.908 EDT" StructureHandle="org.eclipse.platform.ide" StructureKind="lifecycle"/><InteractionEvent Delta="started" EndDate="2014-06-08 08:05:27.934 EDT" Interest="1.0" Kind="attention" Navigation="" OriginId="org.eclipse.ui.workbench" StartDate="2014-06-08 08:05:27.934 EDT" StructureHandle="org.eclipse.platform.ide" StructureKind="lifecycle"/><InteractionEvent Delta="started" EndDate="2014-06-08 20:33:43.531 EDT" Interest="1.0" Kind="attention" Navigation="" OriginId="org.eclipse.ui.workbench" StartDate="2014-06-08 20:33:43.531 EDT" StructureHandle="org.eclipse.platform.ide" StructureKind="lifecycle"/><InteractionEvent Delta="stopped" EndDate="2014-06-08 20:51:10.943 EDT" Interest="1.0" Kind="attention" Navigation="" OriginId="org.eclipse.ui.workbench" StartDate="2014-06-08 20:51:10.943 EDT" StructureHandle="org.eclipse.platform.ide" StructureKind="lifecycle"/><InteractionEvent Delta="started" EndDate="2014-06-08 20:51:23.820 EDT" Interest="1.0" Kind="attention" Navigation="" OriginId="org.eclipse.ui.workbench" StartDate="2014-06-08 20:51:23.820 EDT" StructureHandle="org.eclipse.platform.ide" StructureKind="lifecycle"/><InteractionEvent Delta="stopped" EndDate="2014-06-08 21:29:47.451 EDT" Interest="1.0" Kind="attention" Navigation="" OriginId="org.eclipse.ui.workbench" StartDate="2014-06-08 21:29:47.451 EDT" StructureHandle="org.eclipse.platform.ide" StructureKind="lifecycle"/><InteractionEvent Delta="started" EndDate="2014-06-08 21:53:08.873 EDT" Interest="1.0" Kind="attention" Navigation="" OriginId="org.eclipse.ui.workbench" StartDate="2014-06-08 21:53:08.873 EDT" StructureHandle="org.eclipse.platform.ide" StructureKind="lifecycle"/><InteractionEvent Delta="stopped" EndDate="2014-06-10 08:33:52.549 EDT" Interest="1.0" Kind="attention" Navigation="" OriginId="org.eclipse.ui.workbench" StartDate="2014-06-10 08:33:52.549 EDT" StructureHandle="org.eclipse.platform.ide" StructureKind="lifecycle"/><InteractionEvent Delta="started" EndDate="2014-06-10 15:00:18.101 EDT" Interest="1.0" Kind="attention" Navigation="" OriginId="org.eclipse.ui.workbench" StartDate="2014-06-10 15:00:18.101 EDT" StructureHandle="org.eclipse.platform.ide" StructureKind="lifecycle"/><InteractionEvent Delta="stopped" EndDate="2014-06-10 16:00:23.53 EDT" Interest="1.0" Kind="attention" Navigation="" OriginId="org.eclipse.ui.workbench" StartDate="2014-06-10 16:00:23.53 EDT" StructureHandle="org.eclipse.platform.ide" StructureKind="lifecycle"/><InteractionEvent Delta="started" EndDate="2014-06-12 00:08:20.253 EDT" Interest="1.0" Kind="attention" Navigation="" OriginId="org.eclipse.ui.workbench" StartDate="2014-06-12 00:08:20.252 EDT" StructureHandle="org.eclipse.platform.ide" StructureKind="lifecycle"/><InteractionEvent Delta="stopped" EndDate="2014-06-12 01:40:11.649 EDT" Interest="1.0" Kind="attention" Navigation="" OriginId="org.eclipse.ui.workbench" StartDate="2014-06-12 01:40:11.649 EDT" StructureHandle="org.eclipse.platform.ide" StructureKind="lifecycle"/><InteractionEvent Delta="started" EndDate="2014-06-12 12:05:56.604 EDT" Interest="1.0" Kind="attention" Navigation="" OriginId="org.eclipse.ui.workbench" StartDate="2014-06-12 12:05:56.604 EDT" StructureHandle="org.eclipse.platform.ide" StructureKind="lifecycle"/><InteractionEvent Delta="stopped" EndDate="2014-06-12 16:25:24.287 EDT" Interest="1.0" Kind="attention" Navigation="" OriginId="org.eclipse.ui.workbench" StartDate="2014-06-12 16:25:24.287 EDT" StructureHandle="org.eclipse.platform.ide" StructureKind="lifecycle"/><InteractionEvent Delta="started" EndDate="2014-06-15 10:26:02.760 EDT" Interest="1.0" Kind="attention" Navigation="" OriginId="org.eclipse.ui.workbench" StartDate="2014-06-15 10:26:02.760 EDT" StructureHandle="org.eclipse.platform.ide" StructureKind="lifecycle"/><InteractionEvent Delta="started" EndDate="2014-06-15 14:53:15.535 EDT" Interest="1.0" Kind="attention" Navigation="" OriginId="org.eclipse.ui.workbench" StartDate="2014-06-15 14:53:15.535 EDT" StructureHandle="org.eclipse.platform.ide" StructureKind="lifecycle"/><InteractionEvent Delta="stopped" EndDate="2014-06-15 23:05:35.450 EDT" Interest="1.0" Kind="attention" Navigation="" OriginId="org.eclipse.ui.workbench" StartDate="2014-06-15 23:05:35.450 EDT" StructureHandle="org.eclipse.platform.ide" StructureKind="lifecycle"/><InteractionEvent Delta="started" EndDate="2014-06-16 00:28:11.896 EDT" Interest="1.0" Kind="attention" Navigation="" OriginId="org.eclipse.ui.workbench" StartDate="2014-06-16 00:28:11.896 EDT" StructureHandle="org.eclipse.platform.ide" StructureKind="lifecycle"/><InteractionEvent Delta="stopped" EndDate="2014-06-16 02:00:05.509 EDT" Interest="1.0" Kind="attention" Navigation="" OriginId="org.eclipse.ui.workbench" StartDate="2014-06-16 02:00:05.509 EDT" StructureHandle="org.eclipse.platform.ide" StructureKind="lifecycle"/><InteractionEvent Delta="started" EndDate="2014-06-20 19:10:06.152 EDT" Interest="1.0" Kind="attention" Navigation="" OriginId="org.eclipse.ui.workbench" StartDate="2014-06-20 19:10:06.152 EDT" StructureHandle="org.eclipse.platform.ide" StructureKind="lifecycle"/><InteractionEvent Delta="stopped" EndDate="2014-06-20 21:07:36.773 EDT" Interest="1.0" Kind="attention" Navigation="" OriginId="org.eclipse.ui.workbench" StartDate="2014-06-20 21:07:36.773 EDT" StructureHandle="org.eclipse.platform.ide" StructureKind="lifecycle"/><InteractionEvent Delta="started" EndDate="2014-06-21 20:41:25.15 EDT" Interest="1.0" Kind="attention" Navigation="" OriginId="org.eclipse.ui.workbench" StartDate="2014-06-21 20:41:25.14 EDT" StructureHandle="org.eclipse.platform.ide" StructureKind="lifecycle"/><InteractionEvent Delta="stopped" EndDate="2014-06-21 21:13:51.791 EDT" Interest="1.0" Kind="attention" Navigation="" OriginId="org.eclipse.ui.workbench" StartDate="2014-06-21 21:13:51.791 EDT" StructureHandle="org.eclipse.platform.ide" StructureKind="lifecycle"/></InteractionHistory>